"","Df","SumOfSqs","R2","F","Pr(>F)","Pr(>F)_BH"
"Cohort",2,137.010784988985,0.1835702493662,277.944572681232,0.001,0.00125
"Site",36,51.5141172515467,0.0690198173122381,5.8057348906605,1,1
"Year",3,17.6177454543874,0.0236046667902248,23.8266242194977,0.001,0.00125
"Season",3,7.35319745040906,0.00985198566462497,9.94462503254265,0.001,0.00125
"Residual",2162,532.871202140562,0.713953280866713,NA,0.001,0.00125
"Total",2206,746.36704728589,1,NA,NA,NA
