"","Df","SumOfSqs","R2","F","Pr(>F)"
"Site",36,61.2771767571278,0.0821005924363326,5.60721771017496,0.001
"Year",3,21.3331502770139,0.0285826529381092,23.425286420334,0.001
"Season",3,6.84640019428547,0.00917296686554143,7.51782476647028,0.001
"Residual",2164,656.910320057463,0.880143787760017,NA,0.001
"Total",2206,746.36704728589,1,NA,NA
